<?xml version='1.0' encoding='UTF-8' standalone='yes' ?><hierarchy rotation="0"><node index="0" text="" resource-id="" class="android.widget.FrameLayout" package="com.android.settings" content-desc="" checkable="false" checked="false" clickable="false" enabled="true" focusable="false" focused="false" scrollable="false" long-clickable="false" password="false" selected="false" bounds="[0,0][1080,2357]"><node index="0" text="" resource-id="" class="android.widget.LinearLayout" package="com.android.settings" content-desc="" checkable="false" checked="false" clickable="false" enabled="true" focusable="false" focused="false" scrollable="false" long-clickable="false" password="false" selected="false" bounds="[0,0][1080,2357]"><node index="0" text="" resource-id="" class="android.widget.FrameLayout" package="com.android.settings" content-desc="" checkable="false" checked="false" clickable="false" enabled="true" focusable="false" focused="false" scrollable="false" long-clickable="false" password="false" selected="false" bounds="[0,0][1080,2357]"><node index="0" text="" resource-id="com.android.settings:id/action_bar_overlay_layout" class="android.widget.FrameLayout" package="com.android.settings" content-desc="" checkable="false" checked="false" clickable="false" enabled="true" focusable="false" focused="false" scrollable="false" long-clickable="false" password="false" selected="false" bounds="[0,0][1080,2357]"><node index="0" text="" resource-id="com.android.settings:id/action_bar_container" class="android.widget.FrameLayout" package="com.android.settings" content-desc="" checkable="false" checked="false" clickable="false" enabled="true" focusable="false" focused="false" scrollable="false" long-clickable="false" password="false" selected="false" bounds="[0,0][1080,404]"><node index="0" text="" resource-id="" class="android.widget.FrameLayout" package="com.android.settings" content-desc="" checkable="false" checked="false" clickable="false" enabled="true" focusable="false" focused="false" scrollable="false" long-clickable="false" password="false" selected="false" bounds="[0,0][1080,404]" /><node index="1" text="" resource-id="com.android.settings:id/action_bar" class="android.view.ViewGroup" package="com.android.settings" content-desc="" checkable="false" checked="false" clickable="false" enabled="true" focusable="false" focused="false" scrollable="false" long-clickable="false" password="false" selected="false" bounds="[0,95][1080,404]"><node index="0" text="" resource-id="com.android.settings:id/up" class="android.widget.ImageView" package="com.android.settings" content-desc="Quay lại" checkable="false" checked="false" clickable="true" enabled="true" focusable="true" focused="false" scrollable="false" long-clickable="false" password="false" selected="false" bounds="[55,117][165,227]" /><node index="2" text="" resource-id="com.android.settings:id/action_bar_movable_container" class="android.widget.FrameLayout" package="com.android.settings" content-desc="" checkable="false" checked="false" clickable="false" enabled="true" focusable="false" focused="false" scrollable="false" long-clickable="false" password="false" selected="false" bounds="[0,249][1080,404]"><node index="0" text="" resource-id="" class="android.widget.LinearLayout" package="com.android.settings" content-desc="" checkable="false" checked="false" clickable="true" enabled="true" focusable="true" focused="false" scrollable="false" long-clickable="false" password="false" selected="false" bounds="[71,260][668,377]"><node index="0" text="Thêm tài khoản" resource-id="com.android.settings:id/action_bar_title_expand" class="android.widget.TextView" package="com.android.settings" content-desc="" checkable="false" checked="false" clickable="false" enabled="true" focusable="true" focused="false" scrollable="false" long-clickable="false" password="false" selected="false" bounds="[71,260][668,377]" /></node></node></node></node><node index="1" text="" resource-id="android:id/content" class="android.widget.FrameLayout" package="com.android.settings" content-desc="" checkable="false" checked="false" clickable="false" enabled="true" focusable="false" focused="false" scrollable="false" long-clickable="false" password="false" selected="false" bounds="[0,404][1080,2357]"><node index="0" text="" resource-id="" class="android.widget.LinearLayout" package="com.android.settings" content-desc="" checkable="false" checked="false" clickable="false" enabled="true" focusable="false" focused="false" scrollable="false" long-clickable="false" password="false" selected="false" bounds="[0,404][1080,2357]"><node index="0" text="" resource-id="com.android.settings:id/prefs_container" class="android.widget.FrameLayout" package="com.android.settings" content-desc="" checkable="false" checked="false" clickable="false" enabled="true" focusable="false" focused="false" scrollable="false" long-clickable="false" password="false" selected="false" bounds="[0,404][1080,2357]"><node index="0" text="" resource-id="" class="android.widget.LinearLayout" package="com.android.settings" content-desc="" checkable="false" checked="false" clickable="false" enabled="true" focusable="false" focused="false" scrollable="false" long-clickable="false" password="false" selected="false" bounds="[0,404][1080,2357]"><node index="0" text="" resource-id="android:id/list_container" class="android.view.ViewGroup" package="com.android.settings" content-desc="" checkable="false" checked="false" clickable="false" enabled="true" focusable="false" focused="false" scrollable="false" long-clickable="false" password="false" selected="false" bounds="[0,404][1080,2357]"><node index="0" text="" resource-id="com.android.settings:id/recycler_view" class="androidx.recyclerview.widget.RecyclerView" package="com.android.settings" content-desc="" checkable="false" checked="false" clickable="false" enabled="true" focusable="true" focused="false" scrollable="false" long-clickable="false" password="false" selected="false" bounds="[0,404][1080,2357]"><node index="0" text="" resource-id="" class="android.widget.LinearLayout" package="com.android.settings" content-desc="" checkable="false" checked="false" clickable="true" enabled="true" focusable="true" focused="false" scrollable="false" long-clickable="false" password="false" selected="false" bounds="[0,424][1080,609]"><node index="0" text="" resource-id="" class="android.widget.LinearLayout" package="com.android.settings" content-desc="" checkable="false" checked="false" clickable="false" enabled="true" focusable="false" focused="false" scrollable="false" long-clickable="false" password="false" selected="false" bounds="[77,424][273,609]"><node index="0" text="" resource-id="android:id/icon" class="android.widget.ImageView" package="com.android.settings" content-desc="" checkable="false" checked="false" clickable="false" enabled="true" focusable="false" focused="false" scrollable="false" long-clickable="false" password="false" selected="false" bounds="[77,446][273,587]" /></node><node index="1" text="" resource-id="" class="android.widget.RelativeLayout" package="com.android.settings" content-desc="" checkable="false" checked="false" clickable="false" enabled="true" focusable="false" focused="false" scrollable="false" long-clickable="false" password="false" selected="false" bounds="[273,439][975,594]"><node index="0" text="Google" resource-id="android:id/title" class="android.widget.TextView" package="com.android.settings" content-desc="" checkable="false" checked="false" clickable="false" enabled="true" focusable="false" focused="false" scrollable="false" long-clickable="false" password="false" selected="false" bounds="[273,483][431,550]" /></node><node index="2" text="" resource-id="com.android.settings:id/arrow_right" class="android.widget.ImageView" package="com.android.settings" content-desc="" checkable="false" checked="false" clickable="false" enabled="true" focusable="false" focused="false" scrollable="false" long-clickable="false" password="false" selected="false" bounds="[975,494][1003,538]" /></node></node></node></node></node></node></node></node></node></node></node></hierarchy>